TCTTCATATATCGATCATGTAAATA,T
TTCGTCAGCGGCAGTGACCGTCCTT,T
AAGGGCTTTCCGTTACTTATCTAAC,T
GCCTCTTCACTCAAAAGAACCGAGG,T
GAGGCTTTTCGCAATAATATATAGA,T
CTTAAAAGCCCTCAGATGGAGATCT,T
CCACGGGAACATCGACTAGAGGAAT,T
TAAAAGGAATCGGGAAGAGTGAAGC,T
GATCTAAGCGGTCGACGACGTAAAT,T
CTGGAAAGCGTGTAGCCATTAAGTC,T
GTTCGCACTCAAACCTTGAGGCCCG,T
GTCGTAGTGACTGGTTGCAGCAAAT,T
GAAGCTGCTGTAAGGGCCCGTAACA,T
TAGATGCCTCACGGACCACGGTTCT,T
GATCTGCGCTGTAAATGCCGGGGTA,T
CCGTTCTTGATCGGACGCAACGACT,T
AACCAGTCCTACCGCTGATGATTAC,T
GAACATGCGGCTTAACACCGCCCGC,T
AGGTACGATAAGCCATAACGCGATG,T
GCTCTGGGTCTCGTTCGTGAAAGAG,T
GAGCAGGACTTGTGACTATGCGGTA,T
GACCTCCAGCACAACTGTACATCCT,T
CGACCGGGATTAACCTTGTGCCGAC,T
ACTTGAGACCCCGAGTCTAGAAGGT,T
GAAATTAGGGGCAGTATACGTGCTG,T
CGGTGGAATCCGACGACACATGTGC,T
TTAGAGTTGACGGGGGACTCAGGGG,T
AAGGGCAACCTACCTTGCCCTTCAC,T
ACGCGGCAATGATCGATGTCCAAAC,T
GTGGGGCTAGTCACGCTGGCCTTCT,T
CCACGGACAGCCATGTTACCTGTCT,T
GATGTTTTAATACCCTCTTTGCTCG,T
TGAATCTGCTTTTACCTTCAAAACA,T
CTCAAGGTTATTCCATCTTATATAG,T
GTCATCCCACGTTGTACGTAGAGTC,T
TATCCGGCGAAAAGAAGTCCCAGCA,T
CTGAATGGCTCCACCACCGTCGGCT,T
ACCAAAAACCGAATAGATGGTTTTG,T
GCAGTTTAGTCTTGTTTCTGGGTCT,T
ATCGCCAAGTAGGTCAGCCCAGGCG,T
CGCAAACACGGCTGATTGTCCTGTA,T
GTTCACACTCAAACTGCGCAGTCGT,T
GCGTGCAGGTTTGTTCCTAATACGT,T
GTGATTCAAGGGACTGCTATCTTAG,T
GAATGCAGTCCTCGGCTGTACGTCA,T
GCTGATGTTGCAGTCTGCCGTAGAA,T
GACGGCGAATCCGTGGCCGAGGATT,T
ATTTTAACAGGCAAACCTGTCGCAA,T
CGCGTCGGTGCCCTCAGAACACGGT,T
AGTAGCGAATACCATTGTCACCAGA,T
TGGGTACGGGGGCAGCCGCGGTGCG,T
CCATGTACTATTTAAATGCTCTTCG,T
TGCTTGATTGGACGGAAGGCTCGTA,T
ACCCATGGGACTGGATTATAACCGT,T
CATACGCCGCAACTGTGATCTTCTC,T
AGAGGAGTCGACTTGACGAGTGGGA,T
GGGTACTTTCCCACAATGTGCAACA,T
ACCCAGTTCAAATAGACCCTTGAGG,T
CAGCCCAAAAGTCGAACAACGCCCA,T
TCACACCTTGTGAATCCAGATCGCG,T
ACACGTGTGAAGTCATATCTTGTCT,T
GTTGACTCGAATAATGAACAGAGGA,T
CTGTGAGGACATATCCCCCCCTTCT,T
TTTTGTTATCGCCTTGTCCTTTAGT,T
GCTTGCATAATGGGGCTAGCAGGTC,T
CGCACAGAATGGGATTGGATCGGAG,T
CTGATCAGTTGGTCGCTGCTAGAAT,T
GAGTTGTAACCCAAGACGCGCCCCA,T
TAGGTTGATTTGAGGTGAAGTCGTT,T
ACCGTGAAAATTCCCAATCTGGCCA,T
GTAGATTTGAAATTCGGCGTCCCTA,T
GTGCTCGAAGTTCCATAAATTGCAT,T
ACAGGCAATAGCAACTCCCGCACCT,T
AGCTGAAACCCTTTCTGTATTATAG,T
CCTACTCCTTGTTCACACGGTTCTA,T
CAGAGTCGGGACCCAAAGTTCGTTC,T
CAGGCGAGCAATGTGGCTGACATCT,T
GGGCCCGGGTCTTGGTCCTGGATTG,T
CTAGTTGGATGTGCGCCCGCTCGAA,T
ACGACGAGGGACCGGGCGATAATAC,T
TCGTATGGCTAGCGAGGATTTGAGA,T
AGCTGGCCTCGTATCTTTGAGTAGG,T
CGGCTCGGTTCTATGGACAAGCGGG,T
CAGGGCGCGACTCCTTCAGTGAGGG,T
TTACAACCGAACGGAATGAGTAGGA,T
CTCGTGACCGTTCCAGCGTGGCGGT,T
CTTGTAAGCCATCTGGATGTGTGTT,T
GATGTATTCGATAACGCTGACATTG,T
AGGGATAGTCGGATTCCGATCGTGT,T
TTTGTAATGGCTGGATCGCTACCTG,T
AGTCATGTCGAATTTTAACACGCTA,T
TAAGTCCAGACACGCAGGGTGCAAA,T
GTCATACAAGCAAAGTTCTAGGTTT,T
AACCTGGTCCAGTTCTGTGGCAGAC,T
TGTACACTGGATAGGGGGGTAGCCA,T
CCAAACAGATTAATCAAGAATGCTC,T
TTAACGATAGGGTTTTATCGTGCTG,T
TATTGCAACCTGGGCAACAATTTGT,T
CGATAACAATTGGTACCGGTCACAA,T
TAGCAACCCTACATGCCATGACTGA,T
TGCTATCATGGTTAGGTGTCGAGCT,T
TGGGTGAAATTACCGATTACCGACC,T
ATTGCCATTCGCTGCGTCACCCTCG,T
CCTATCACCTGTCCCGAGCTTAGGG,T
ACATGGTCACTCGGAGATACACGCG,T
GATCCCGCGTTTATAAGCGTCTGAT,T
AGGCTCGTTGGGAGGAATCAGACAG,T
TGGGTTTTGCGCCCCAACGGTAACA,T
GCCAAGCTTAGGTGAGAAGCGCATA,T
TATTTGACCTGGCCATCGCTCAGCG,T
AGCTGATATCCCTTAAAGCGGTTCT,T
TGCCCCGCTATTATCCTATATAGGT,T
ACTGCCTTGACCTTGCAACTACGAC,T
ACGGAACTGTCATTCTGAGTGTCGT,T
CTCTCGGGTAAATCACGGCCCGTCT,T
CGCCACATTTCAAATCATGTGGATC,T
CTTTGGCGGGGGTCGCTCAAGCATG,T
ACTACTTAGGCGCATGCACCTCTGC,T
TCGTCCCATAGGCGAGCGAAGATAC,T
ACGGGCTCTCAGCGTGTAAAGCTTT,T
ATTCATCCTTACTGACATCGTATCA,T
TGATCGATAAGCTAACTCGATGGCG,T
CGATGATGGAAGATAAACAGGGCAG,T
TAGTGGATTACATATTTTTACCGTA,T
ATTCAGTATTGGAAGGCACTAGCCT,T
GCAACATTCCGCCATTGTGGCTCTG,T
CGCTACTGTAATTTCTTAACCCAAC,T
TGGATCATTGCATGAACGTCTTTGG,T
ACTTATCAGAATAGAATAGCGTGGC,T
AATTGGGCATGTCCCAGAGCTCCCC,T
GACATACAGCCGGCCCCCACTTCGC,T
CTTCCTCTTTAACTGGACCAATCCT,T
TCCAAGTACCCGCACTAAACAAGCG,T
CTGCTAAATTCTGACTGGGAATGCC,T
GCTGGGCCTAGTAAAAGCGTGATTC,T
CATGCTGCGAAAATGGTTTGTGTGT,T
CAAGGTGGTCATTGAGTTCCACTTT,T
CTCCACAATTAAGGCGAGGGGTATG,T
AGTTATACATTTTGCGGGCGCATAT,T
GGGTAGGGTCTAGTCCCTCGCCGGT,T
GTTACTGAATACATAGGAGCACTTA,T
CGTGCCTTGAACCTCCATGGTGGCT,T
TTCAAGCAAATACATACCGTTCGGC,T
CGTAGCCAGGACCTAAATTAAAACC,T
TTGGGGTGCCCGACTCTACCGAGGA,T
GCTGATTGTGTCGCTCTTAAACCCC,T
TTAGGTCTTTAAGGCCAGGGGCTTA,T
GCACCCAATGCCCCAGCTGAAAACG,T
GGTCATACCCGAATAGTCGCTTCCT,T
GGGATCTTGGGCTTACGTATAAGCC,T
GACACCTGGGGGGTCGCTCTACTAC,T
TCGTACATGCACGTTGATTTACCCC,T
CAAATGAATAGGGAAATTAGCTCTC,T
AAAGAACGTACAGTTATCATTACCG,T
AATTTCTGCTGCGGGCTATTACCTG,T
AACCACTTTTTTGCTTATCCACGCT,T
CTAACGCACACTCGCTCGAGGGACG,T
GGTCGACTATGTCCACATTACCGGG,T
GGAGCAGATGTAGCTCGATTTCACC,T
CCTTGAAGGTAGCGAGTGGCGTGCA,T
TATGGGAAGCCTCAAAGTTTCTCTA,T
GTCGACTGAGTCCCGCCAGTACAGG,T
ATTAAATCTCGAGATATTAGTAGCA,T
CTGCAATCCGTCTCTCAATGGCATT,T
TTGGTGGGGCGGAAGTCCCATGCTC,T
ATACTTTACTGTTCCCGCCCAGTAG,T
ACCAGATCACTGTCCGTGTTACTCT,T
TCCACGTCTCACCATAAGAAACACC,T
TTAGTTAACTGGTCGGTCGAGGTAA,T
CTGCCTGTTTCGGCGGACTCGCCCG,T
TTGGCATCTACATTTGCACTAGTCG,T
GAGGTAGGCCGGATGCATCCTCATA,T
CTGGGTCTGCTAGCGGCTGCGAAAT,T
CTGCAAACGTGTAAATACCCGGAAT,T
ATACGGGACTCCACTAGCGATGAGA,T
CAGAGTTCATTCAAACGCAGGTTCT,T
TATGTTGTGTTACTGGACAGAACGT,T
TGGCAATCTCCCATACGAGCCGGGC,T
TGGTTTGGTGCCGCATTTGTGACAT,T
AGTTGAGCCCATGGCTCCAAATATA,T
GCGGCGGACCTCTGACTATCGGCGG,T
ACAGTGCCTTGCTCCGGAGCTGTAA,T
TATCTAATTGCGGATATTGTGGAAG,T
GGACACCAAGCGTGGTTATCCTTCC,T
GCTTCTACGAATTGGATACTGCTAT,T
TCAAGTTGTCCAAGATATAGTATTA,T
GTACCGGCTACTCTCACCGAGGACT,T
CGGGCTGAAGCGGTCGAGGTATTTG,T
CATAGTCCCCGCGGATACCACTGAT,T
TTAGGATCACCGGCATCAACTTTTG,T
TGTCATATGAATACCAAGTATCCGG,T
TTGGCGCTTTGTTCGCAAATGGTCG,T
AAGCTAAGAGAGTTTAGGAACTCCT,T
CAATAGCCTTTAACTCTTGTGAAAG,T
CGCCTGTCGAAAAAATCCGCTGCCA,T
GTGGGGTTCTCAGTGGGTCTTGATA,T
ACCGATCCCTAATATTCGAGGTCTC,T
GTTCTTGCTAGTGCTTCGTAATTAG,T
ATAATTCTTCACCGTCCAATTGTCG,T
GGTGAAAGGTTTTACAATTGGTCCT,T
TCTCGCCAAGTGCGCTGTCTAGATG,T
AACCTGACGCTATACACACGTCATT,T
ATAGGGACAGCCGTAGTATCACGAT,T
GGGGCAGAGCCCGTAGTGATACGAA,T
GCTGTAACTTCACTGATGAAAGCGA,T
CGTGAAACTCTTTCCGTTAATAAGA,T
GGACGAGTTCACTTAGGGTGCCACT,T
TGCTTCAAATCACTGTTAGCTTGGC,T
ACACTTATTCGCGAAGATGCCGGCC,T
TACCGCATAGCTCAAGATTGGGCCG,T
AAACGGCCGCTCCTGAACGACGCGA,T
CGTAGTGGACTCGGGGATCCATGCC,T
GTCTGAAATAATGCCGGTTAAGTCA,T
GCGACCAGGCCGACAATCATACTGA,T
TTACTGGCGTTTGAGGCTGTGTTGG,T
GATCAGGTGTGTTAGTGTCTTAATG,T
AACACGAAACATCCCACGTCAGTGG,T
ATAGTACTTGATGGGTGGTAGCCAA,T
CCAGCGGCGCGAGCAGGTGTGGCGC,T
ATATTGACCCCAGGTATGCGAGCAA,T
TCATGTATCCCCGGAGGACATAACT,T
CCCCTGTTCTAGGTGGGCGTATGTC,T
AATTGCCCTTCATAGGCACGAATTT,T
CTTGGGTTCCTTCCCGTCGCAAAAA,T
GCACAACCCTGCTTCTAGAAGAGCA,T
CGACGACCTTGCAAGTCGGATGGAA,T
TGTGTGGGCCTAGGTCCCGTGTTTT,T
TAAATACCGCTTTGCCAAGCGGTCA,T
GCAAAGACGAGTCCGACCGAACGAA,T
TTCAGACGAAAAAGCTCCAGACCCT,T
CGAAGGTGTTGAGGACGCCATTGGC,T
GGGCATTAGACCTTAGGGCTAGATA,T
CACTCGAGACTAAACTGCTCCATGC,T
CTGTCATAAAGGTTCCAGACAGCCG,T
CCCTGGATGATCTTTACCTTGTCCG,T
TTAGTTGTTCTCGCTAGATGACTAG,T
CGACTGGAGCATTGCGTATACCTTA,T
TGACCTCCGCGGGATATAAATACCC,T
AGATCATCGGAAGATGCCACTTTGG,T
CGGTCGTAGATCCGGGGTCATATAG,T
TATGCCCCGATACCAACAGGTTAGT,T
GGAGCCGATTACACATGTTAACCCC,T
CCACAATGTATCATTTCTTCCCCAG,T
CGATACCTGCACAACCTTGGACGGG,T
CGATTCTGGTTGAGCCTCGAGAATG,T
CTCGCAAGCGGTGATAGGTTTTTCG,T
TCCTTCTACACAGCTGTATAACGGA,T
ACACAAGAACGTGCCGTAGGTCAGC,T
CGGTTCTCTCGTAAGCAAACTTCGC,T
TCGGCTTCCTTTGCCCCCGGCCGCC,T
AGAGTTATTGTCCGCTACGCGGTTT,F
CCTGGTCCCCCTGGTACTGAGTACC,F
GCTGACTATGGATATCATGTCCGAG,F
CATGCCCAAATCCTTCATATTTCTA,F
CTCGCCTTGCATGCAGACTAGGAGC,F
CCTCAGGGGCTGTGGTCCAGAGATA,F
TGGCCACGGACACGGAAAGGGAGAT,F
CGTGATCGAGAACGGCACCCACCCT,F
AGGCGCGCTGAAGACCACGTACACT,F
GGAACAAGCATCCTCCTTTTCTACG,F
TATATGATGTGAATAAGAGTAACTG,F
TCGCTACAGAATCATTCCTAATAAT,F
GCGGATAGGGGTGCTAGGCCCAAAT,F
TGCGTCCTCCAGTGGACCGAACTTA,F
GACCGACGGAGTCCTTGGTCTCGGC,F
AGCCTTAGTGACCATCGCGTGCTGT,F
CAGAACAGGGCGTATCCCAAACTCG,F
ATACGACTAAGTAGTCGGCGATGGG,F
AATGAGGAGCAAGCGATCCCTCTTG,F
CCAACTTCGCACAGTGCCTGCGCCC,F
CGGACCTCCAATGGTGAGGAGAAAT,F
GGTCGCACACCGTACTAGAAAGAGA,F
AATCAATAATGCGTCGCTCACACCT,F
AACATCCGTTGGCACTATAGGCCAG,F
GGTAGTAGACCACTGTCGCTACCGA,F
CGGTGCCACCGATGTCCACCGAAGA,F
CTGTACACATGACCGAGAATCAAAC,F
GAGCAGATAGAGAACCGAGACACAG,F
CATACCTTAGGCCATCATGTAGCTT,F
CATGTGCTACCATGGCGACTTGAAT,F
GCCCGGGTGTTTCTCGGAGTATAAA,F
TCTGGGTACGAACAAGCATACCACT,F
GTTCAGCAGCAAATTACCGCTCGTG,F
ACGTGCAAATCATTATGTAAACCCG,F
TCGTTCGTCTGAGTGGACATACCGC,F
TCTGACTGACGCTTTGCGCTGCCCG,F
GCCGTATCCTTAATACTCGTCCGGG,F
TCCTGAGAGATAAGGGTTGCATTAA,F
TTAATTCTTACAAAATCGGGGGAGG,F
AGACCTCGTCAGCTCGTAGATGTAC,F
CAGTTCCACAGTGAGTCGGCACAAT,F
AATGCCCGTCTGAGTGTTCATAGCC,F
GTGTAGATACAAGGCGGCGTCTGAC,F
ATAGGACAGAATGTGCCTAGGACTC,F
CGACCGATCTCTGACACAACTGGCA,F
AAAACGCATTGCGGCGCGGCAATCC,F
AGGAGCAGTAGGAAACAAATTTTTG,F
AAGTAGCGTTGTGTCCTATATGTTG,F
CCGTTCGCATCTTGGCGGTTGTCCT,F
GCACCGCAGACCCTGTAGGTCTTAA,F
TTAATCACTCCTTCCCGCTTACCGA,F
CCTGCTTTGACCTCAACAGCTACTA,F
CGGAGTCGACTGAGTTCATGTCGGA,F
TCACAGCCTTGATAACTCCCAAGCC,F
CTGCAGACGTTGCGATATGGTCCAT,F
AATCTAGGTCTGAGGGTCGCGTACT,F
CTACGTATAACCTTGCAAAGTACCT,F
TGCTGGAAGTAAGCCTCCTTCTCGA,F
CGGTCGATTAGGTAAGCTTGAGTGC,F
CAGCTTCGAGGTCGTTGTTGACCTC,F
AGGGCGTATAGAGTCTAGGCACCAG,F
CAACTAGTATTCAAAAGTTAGGGGT,F
TTCTAATCTATCGGATCATACTTCA,F
CGCATCGGTTATTGACATGCATTTC,F
GACGGGGGTTTACATGCATCCTGGG,F
CAGAGTTGTTACGCCGAAGAAAAAC,F
TATCCATCCAATTTTATAGCCCGCT,F
GTCAAAGTCGGTCCTGAATCTATTA,F
CGCCTAGGGATGGGATCTTTTGCAT,F
CTCAAGGATCACTTGTCTCACATGG,F
TCCTTAATGGTACTTGCGACGGATG,F
CGAGTTATGCAGAGCCTTCAAGAAA,F
GGCTCGAGAGGAATCGACCTACCAG,F
GTCCCAGACCGAGAGAGGTACGTTC,F
TGACATACTCGGTTTTCGGTTCTTC,F
GACAAGAGTAAGTTCCGGTCATGTT,F
GGTGGCTCATGCCATCATCAATAGC,F
CTCAAAATCGTGATTAAGCCGCGAT,F
TGTGCCCCCAGTGCTCCATCGGAAT,F
AGCGGAAATGACTCATCAGACTCCC,F
TGGGCAAATATAGATGCTCCAACAT,F
ACCTAGGGATACCTTTACAGGGAAG,F
AAGGTTTATTTAAAAAAAGCTCAAG,F
CCCCCATATAGTGTCGATTCGGACG,F
GCATTTCGCAGCTCATGGGGGTACA,F
AAGGACGTGACCGTCTTGGGGTCCC,F
ATTGGTAAATGTTTGCGCTATTCGC,F
TTGTTACGAAAAGCCTGACTAGAAG,F
CGTGACCCATTAATCCAGCGAGATA,F
ATGTCATCAGCATTCCACTCTGGAC,F
ACAGTGTGGCTTCAGGCGGAGATAA,F
TTGTTTCTGAAAAAGGCCTCGCTCG,F
CGCGTGTCCGAGGTGCAACGTCCCG,F
GTCGCAAGCTCTCGTACGTATCCGA,F
GTCGTCTTTAGGGGGTCAAATCTTC,F
TCCCCACCTACTTACATTCCCGTAG,F
TAGGGTGCCTGTCCTTCTGTACAGC,F
GGTGACTGTATCCCCTATGCCTGCG,F
GCGCGCGACGACCGCGATCCCATAT,F
CTCGCGTAGAATCAATCGCGTTCGC,F
GCCTCGCATACCGTAAATGAACCAC,F
AGGAACGCTAAGGGTGCATACAGGA,F
CACGTATTGCTATGCTCAGCCTGTA,F
TGAACCTTAGGCCGGGATGGAGAAG,F
TTACGAAATACAACGGTACAGCTTG,F
ATTATCTTTAGCATCAGAAGATCTC,F
TTTTTGCATACGCTAGGTAATTGTG,F
ACTGTTACAGAGTGGCTATTATATA,F
AGTTATGCCAGTAGTATAAATGGGA,F
CGAAGAATGCCTGAATCAGGTATTA,F
GAAATCGTGAATTGATTGTGTGGCT,F
TCCCAAATCAGGAGTGCCTCCAATA,F
CACCAGAAATGTTCATATAACAGGT,F
ACGACGCGGTTGAGAGGTAGAACAG,F
GTTCTTCCTCGGCATGTATTGCAGA,F
TTAGTTTCTAAAGGAAACCACGGAA,F
CTAGTAGCTGCAGGCTCCTGGTAGC,F
CGATAAAACAAGGGCACCACTGCGC,F
CAGATAAAGTGTTCCGATAAGCTTA,F
TAGTATAGCGCGGGCCTGTTAAGGT,F
CGCTCGGCACAGCTTGCGCGTCGCG,F
AATTCGCAAAATGTGGGGGCCACGA,F
CGACCTTCTATAGGAAAGAAGTAAG,F
GACCTTTGGCAGCCTGCGCAGGCAT,F
CGTGCTAGCGAGGCGGCAGGACCGT,F
CTCTCACCCTTGAGAGTGACCATTG,F
TGCGCAGTGAATTACTTACCGGGCG,F
CTAGCCCTAAGTTAAAGACAAACTC,F
AGATTTACTGACCGTAGATGCATGA,F
CTTCAATGGCGAAAATGGGGGGCCT,F
GTGGTGCGTCGCGAACACGTGGCGA,F
CCCGCTACCCCCCAAAACGCTGCCT,F
ATGGATTGTCGATGCCTAACGAACC,F
GTTGCGTGTAGCAAAACACGACACA,F
GAAAACGTGCGTGTTCCGCCGTCCG,F
CCGTGACACGTACGGGGCCAATCTA,F
TCCATTGCCTGTAGTCCAACACGCA,F
CTTCTCATAGAACACAGAGCTCATG,F
CACACATAAGCTAGGCAGACGTATA,F
AGCCGACGACGCCTCGGGGTCCGCG,F
AGAGCGGGTGGTATCTGGGCCTGCA,F
ATAGTCCTAATAGCGGATGCGTGCA,F
CGCCTGGAGCGAAGATTAGATGACC,F
AGGTTTGACTACCATCGCCAAAATA,F
AGATCCCGATGATTGCTGCGGTCGC,F
CGCTCAAGCCGTCGATGAAGTAAAT,F
AGGGATGGCTGGGACCGGAATTTAA,F
AGCAGCGATGCCAATGTGCTCCCAC,F
ATACATTTCTAAAACGTGACGATAT,F
GGTTGACCCCGAACACATTGATGCG,F
TCGAATCCGAGGGGTGGGAGAACCA,F
GTGAAGGCTATAACGACGGGCCCCG,F
AGCCATTCCTCCGTGCATGTTCTGG,F
AGAACAGGAGTGTGTTTGGCTTGAC,F
GCTTATAATATGTTAGCGAGTTGAT,F
GCGCGCAACGATGTGTCACCTTCGA,F
GTTGGCTGCCACTATCCATAATACA,F
CTCCTTTATCTGGGACAGATGACAA,F
TTGTACCGGCGAGAACTAGTCCCGA,F
CCAGCCGGGGGGGGCGGTAACTAGC,F
CTGTGATGCTCATTAGAACCGTTGA,F
TCCGGATTGAACCATCACAACATGC,F
TGAAATTAGAATACAGGTATTAACG,F
TGGTTCAGGCCCTAGCCCGTTTACG,F
AGCGGGCTGGCGCGGTGAGAACGTC,F
TTACGTCCAGAGATAATACGAGCCA,F
CCTGCCGACTAATCCTTGCGTCCCT,F
TCCCTCTCCTAGTACTGCTTGAGAC,F
AGTCGCTTGTATATAGTCGACCACG,F
GCATTCAATATCGGTAGACTACGCG,F
ATCACGAGTGCACGAGGAGGTCATC,F
AGTGCCCGCCCTAGGTGGTACTGAC,F
ACACTAATAAACCGGTAAGGAGCAT,F
TATATCGCTGAAGAGATCCGCGTTA,F
GCCGCAGCGTACACCGGGCGGTCCG,F
ATACCCCCCCAAGCAGGCGCAAAGC,F
GAAATACGTGATGGGTTGCCGTATT,F
CGCAACGTTGAAGGGACTGGAGAAG,F
CACAGATATCCTGGCAGCGCCCATC,F
AGCCAGTTGTATCCGCCAACATACA,F
ATACTATGGGCGGCGGCGCGAAGTC,F
CAGCAGCTTTTGTTGGATCCCCGAA,F
CTATTATTAAAAGCCCAGATTCATG,F
GGATGGCACTTAAAGCCAGGTCTAC,F
CCTAACGTCTCTCCCTTGCACGCCG,F
GGTCATTCGGCGGTACATTGTCATA,F
GACGCTATCACACAATTCATCTGAA,F
CCGATAGGGTACCCTTCCCCACAGG,F
GACTGACATGCCGGAGTGAGTAGAA,F
CATGGGGGGTTAAAGCAAATCACCG,F
TCGACTGTCATATGCAATTGGATGG,F
GAAATAGAGCAGTGCGTTGGGACTA,F
AGACCCATTTATATGATGACATCTC,F
ACCCGGTCAACCTGCCCGGGGCTAG,F
AGCATCAAGACTACCCCGTTAGATG,F
TTGAAACACAACCGTCGTTCGTAAC,F
GGTGTAGTTCACAGGAAATGCAGAG,F
AACGTTCCCCCCTTAACGTTAAAAC,F
GGGGCCGTCTTGTAGAAAGGACGAT,F
GGACCGGTCGTCGCGGGCATTTTGG,F
GTAACCGAAAGAGAGCTCTTATTGT,F
GTGATAATGTTACCCTGCCCTGAGT,F
AATTTCAGGACCGCTTTGGCATGAA,F
CGCGCAACCCGGCACCTATGTGCGC,F
CAAAGGGTGCTCTAGGGAGGGCCCG,F
CACGATGGAAACCCACAGGCTTTCT,F
GGCATTAACGTTCATGTTGTTTCAC,F
GTACCTTCTGTCGGTAACACTCTTT,F
ATTACCATCCAAGCTAGTCGCCCAA,F
TGTCGCTTTAATCACTGGCTCCCAA,F
TTGTGCCCGTTAATGCAACTCGTAT,F
TATGTAGATCGTCGATTTGTGCAAG,F
GTTCGAGCCCAGAGGGAACTGGAGC,F
GATTAGTCGTGCCTTGGACAATAAA,F
GTAGTTAAACACGTCGCGCACGAGC,F
TGCATTCACTCCATGCAGGATGTTC,F
GGATTCGACGTTTATTGGCGCGAGG,F
GATTAACAGATGTAGTTCATTGAAA,F
CAAAGATACGCTCACTGTCTTGTGT,F
TTATCTGTACATCACGTATGCATAG,F
GTGTATATACATTCAGGCTTCGACA,F
ACTAGGTTTCTGAAGAGCCGGTCGA,F
GTCCATCAATCCTGTAGCGCTATCG,F
CCAGACTTAAACGCGAGTTTTTTCA,F
TAGAATAGCTAAGTGACATTAGTTG,F
AACCTATTATGCCCACTTATCCGCT,F
ATTGCTGATCTCTGTGTTTGATTTT,F
ACTAGCACGCCGAAACTGGAGACTC,F
AGTCAGTAAATCTATCAACAGTGAG,F
ATACCAGGATCACGAGGTCTTACGA,F
TCGGACACTGATGATTCTTGAGGAG,F
GGTCCAGAGGACGCAGCTCGCCTCC,F
AGAGGTCATTGGTAAGGACTCCTCG,F
TATTTCAAATCGACTGCTCACCCTC,F
TTGCCTGTATCCCTGACTACATGGG,F
AGGTGACTGACGCAGGGACAGCAAG,F
TTCGCCGAAGTCCTTAGTGCGGGGA,F
TCACGTTTCCCGCGCTATTAGCACA,F
CTGGGTACAGGCGTCACCCCCGCCG,F
TTAACGGCCTCCATGTAAAAAGCAT,F
ACGAAATTCACGAGGACTGTACCGT,F
CTGGCAGGTTTATGATAAAAGGTCT,F
GGCTGAGCCCGAAAGACTGCGATTA,F
TGTGGTACATTACAGACATTCGCTG,F
GAATTCTTTTACACATCAAGTGTTC,F
CGTACGAACGTCTCGCACCACAGGC,F
CTGGTCTCCCGTGCTCCCAAATTTG,F
GGCGATACAGCCCGTAACTCCTCTG,F
ACCTTTGATTTCGGAGGTTCGGACA,F
GTATTCGTAGTGTGTCAAACGAACG,F
