GACGATTCTTTAAGCCATGCAGCAA,T
ACTCTAAAGTTCTGTACTATCTACC,T
GCGATGCGCTACCGTTTCCTAGGGA,T
ACAAGCGTGGGGTCGAACTGGATGC,T
TGATGATCCCGAGTGGCGAATACGT,T
GAGGTACCGCGACGTGAACGGGATA,T
AGAAGGCGTAGATGTACGGTGGATA,T
GCTCCGCTCCCGGACAGTAATTGCA,T
AAAGGGGTGCCACAACAGGCGTGAT,T
TGGCCACGGAGGTGATGCTTGTGCT,T
TAATCCGGTTGTTTAGTATCGCCTC,T
CGGCAAGTTTCCGAGTAATGTAGTG,T
GAAGCGCAACTCACGTGATATGAGA,T
GATCTCGCTAGGCATGCTTCAGCCA,T
GCAGTGGTTATACCAGGACCTGTGG,T
TGGAAACGTGCCCAGCAGGACAGTT,T
GTCTTTGAACACCATTCTTCCCTTA,T
CGGGAATCGATCGCCCTACCCATCG,T
TCCTTTGGCAGGTCATTTATATGTG,T
ACCAAGTTTACGCGCTTGGTTCCGT,T
TACTTATGGACTGGGGGATGCGAGA,T
ATAGTACATGCCCTAAAGTTCAGTC,T
CTCCCGCGTCAGCAGAAAATTTCTA,T
GTGATGCTTCTGGATCCTCCAGACG,T
AGTTTATCACCTTTGTGTATAGTTG,T
CTGGATTAAAGAGTCGGTTGACATC,T
TATTAGTGATATTTGGTGTCACTAA,T
CGGGTGAATGGTATAGGCTAAGCTA,T
GTCGGACCCCGGTCATTATATCTGC,T
ACTCTTGATAAGGTCCTACGGCTAA,T
ATTAATCTCTGGATGATCACCCACC,T
AACTAGCGAGGCGAATCATACGTGG,T
GATTTAGTTGATAGCATGCACATTA,T
GCTTGCTAACCTGCGCCCGCTAAAT,T
GCCGGGCTACAGGAACAGCAAATTG,T
CTTTCCCCATACATTAAAAGTCTTC,T
GCCGAACAATCACTCGCTCCGCTCT,T
GATTCGCTTGATGCTAAGCCTGATA,T
GACTCGGGTGGATGGCTTTTGAAAG,T
AGATGGGGGTCCGCTCATTTTCCGG,T
TCAATTGCCAGCACGATTAGGGTTC,T
AGCATGGGATCCAAAGCTGGATCCT,T
AGATGCATCCGTCGAACAATTAGTA,T
GCCTCAGAGCACTCGTCGGTGTGAC,T
AACGTCCCAAACATTGAGGGTATCG,T
ACAGCGCCAAGAAATGGTGCTGTAG,T
GAAATACTCTCAGCATGTCGCGTGG,T
CACTAAGGGGACCTATGCTGGTGTG,T
CCAACCGTAAGTCTTAAATCTGTAA,T
AGATATTCTCTAGCAGTAGGTGCCA,T
GTCCGAGCCTGTACTCTGCAATCGG,T
CAGAGGCTCTTATTAAATCTGATGC,T
CCGAGCATATGGTGGTTTGGCCAAT,T
CACGGGAGGAACTCAGCCGACTAAG,T
AATTACGACGTAACCCGCGAGTGCC,T
GTCAGCTCAAGTGTCTAGAGCAATT,T
CTTGCTAATTAATACCTCGTGGCCT,T
AAAAGGTCGAAAGATCCTGCCCAGA,T
TCAATGGCCTGGACGACGTTCACAA,T
CGTCCCATTCGATCCATTTGATAGT,T
TGAGATTTTAATAATGGCGCAACGG,T
TCACAGACAAGATAGCTGCCGTCAA,T
GTGGGTGTAGAAGGAGCTTATTGTT,T
CTTCAGCTTGGAATAGACGAAGTTT,T
AGAAATAGCTCACGGACATTGGCCC,T
TAAGCATTCGTACTCACCGGTCACC,T
AATTTGCTATCAAAACAACTCACCC,T
AAGACGGACATGAAGTGTGGCCCTT,T
ATCTCTGAGCGGGGTCAACTAGATA,T
CTGAGCCTCTTTGCGTATGCGACGT,T
GGTTGTGAGGGCACCGTGGGGTAGC,T
TGCAACTCATGGTGGGGTCATTTAT,T
TTCTCATGGACTGAAAGTTGCAGGC,T
AAGAGGTACCTCACAAAGTTAGGGC,T
AAACCCTTATTCAAGGTTACTCAGG,T
TGTGGAATCTTCTTGCTGAATTACT,T
CGATTGATATCAAAGGAATCCCCCT,T
TCTGGTATTGGCCCCTGTTCTGACA,T
CGAACCACAGCGTGCTGAGTCGCTG,T
ACGCGTCGGGCGGACGTACGCGTAT,T
CGCACCGTTGTGTAATAAAGGGCGA,T
TGTATTGAGACACCATGATCACATC,T
GTTTACAATGCGAAGTCACTGGAAG,T
TGGAAGAGCGGCGTGTCGTAACTGG,T
CAACCTCGACTTTCTGGATCATATC,T
ACTTGCGCGGGATGTTATCGGAGCT,T
CTTCTCGGAATACTATTACCCGTGA,T
ACTGGTTCGTTGCCGTCGCGACACC,T
CTACTCAGTCATACCGCTACCAGCC,T
GTGTCCTTGGGGCCTGCGGCCCAGC,T
CGGCTTACAACAGAACGTAGGATAT,T
TGCGGTCTGCCTGCCTTCGTACGTA,T
CGGTATCCTCAATATCCCCCTACGT,T
ACAATCTACTCCCGAGATGGGATAC,T
GAAGTTGTCGCGACGCTACGCCCAA,T
GGTTCTGCCTGTATATCTTTTTCGG,T
ATGGCAACCTTGCGCCGAAGGGTGA,T
CTTCGTACGGTGCGCCATAACAAAA,T
ACTACTCTCTAAAGCAGCATTGATT,T
CAATCGCGAAAGGACCACTGGCATT,T
GGTTGGGCTTCCTGCTTGTTTCCCC,T
AAATAATCGGGGGTCGCCAGCAACA,T
GTAGTCACAGCGGTGCTGATGAAAG,T
ACCCGTGATTGAACTCGCCCAGCGT,T
ATTGGGGGTCAACATTTGTAGAGGA,T
TGACGATCACCGACTGTCGCTTATG,T
CAGGCCAGGTTAGGGCTAAGTGTGA,T
TGGTACAGGTTGTAATATTCTGTAT,T
GTGGTGAGGGCGTTGAGTTGAAGAG,T
CTAATTGTTTATATTCGACCATTGC,T
GTGCTTAGAGTGGTAACACTGTCAT,T
ACCGAAACCGACATGACCGTAACGG,T
GAAACCCAGGCAGTCACCAGCGCTA,T
AACTTCCCGGGTGTGGATCGTCGTA,T
CGTAGTACCTAGCTCCAAACTGATT,T
TCTCTGATGAGCGAACGTTGCGAGA,T
GGAACGTTTTCAGTGTAAGTTGCAC,T
CCCCTAGATAGTTTTGAGACTGCCC,T
TGGCCCACTTTACAGGTACGACCTT,T
ACGTTCTTTTCATCACAACCCCTTA,T
TCTGATGTAATTTCCGTGTAAACAT,T
GATAGTGCTTTAGGAGTGGGTACTC,T
TCCCGATCAGCCGATGAGCGAGAAG,T
GCGGTCTCCTTAGCGTGAGGAATGC,T
ATGTATAAGTGTTGAATAGCGTAAG,T
AACCTGCTCCCGCTTCCGGTTTAAC,T
ATTAACGAATACGTGCTGAGCTACG,T
GCATATTGCCGTCGTTACCCGTACC,T
CACCCAGCACCCAACAGCATAGAAA,T
TTATTCGATGAAATGCTCGACGGGG,T
ATCCCTGGTAAGAGAGTTCCCTCGA,T
GTCCCCGGTTTATGCCCTCAAGCCA,T
CACTCTGGTTGGGCTGTTCGGGAAT,T
CATCAGCCTAGCTCCCCTAATAGGT,T
GTTCCCGTGATACTGGTTGATTAGG,T
ATAGTCCAATGGCTCCGACTACCGG,T
TGCTGCAAAGGTATAAGCAAGTTCC,T
CTTGGCGAGTAAATTTAATCCATTG,T
TCTACTGGAAGGATAGCGGTGTCCA,T
TAAGGGACCTGCGGGGGTATTGGAT,T
AACAAAAATGTGCCAAGGCCAATGA,T
GTATCTAAGTAATTTAACTCCTAGC,T
CAGTTTTACTGCCTTGAATGTGTGA,T
CAACCCGAGTGCACGTTTCGCGGGC,T
CATTTCCTCAACAACTTAGATGGTA,T
GAGGAGTTCCTATTATGAGGCAATA,T
CCGGACACCGGTAGTTAGGACTCCG,T
CTGCCACGTCGATGCCATCGATGTT,T
TTAAGCCGGGGGTGAAAATGCAAGC,T
ATTACGTACCCAGTGGTAAGGCGTA,T
CTCGGCCTTGTGGTCGTGGGCTTTA,T
CCGACACCCTATCACTGGTTGAAAC,T
TGTATGGGCGAAGGTCAAATCTGAG,T
TCGAACTAAACATCCTACAACCACA,T
ACTTTGGAGAGGGCGAACAAAATTA,T
CTCAGGGTTCAGGGACACGCATTTA,T
ATTGGCCCATCCTCAGCAATACTTG,T
CACACGCGGTTTGCCTACATTGCGT,T
CCGATGTAGATGAACGAATACTAGG,T
ATATAAACGTTGCTGAAGCCATTAT,T
CAGGAACGTAGTACTGCGCCACGTA,T
CAGATAGCTTCGCCACGACTACGTA,T
TCACTTTTGCACTACGCCCTGTATT,T
TGCCCAGTTTCGCGGCCTGGGTTGC,T
TGCCGTGTTTTGAGAGACCCGGGGG,T
AGAAAATCGGATGCTCGGTGGTCAA,T
ATGAAGGTTGGTTGAGCTTGTCTCA,T
CCCTTGAACAAAGCGCTAAGGGCAC,T
ACATTAGTCTCTTGGGTCATGCATA,T
TATCAACATGCGCCTATGGCCTAGG,T
GCGTACGTCTAGTGCTCGGACAACA,T
TGAAGAGTTTTCAGTTTCGCGGACC,T
AAAGGACTCCAGACTACTATTAAAC,T
ATCGGCTGCACCTCGACTGAGAGAG,T
TTGCTATGCCTTCTGACGGGAGTAG,T
TTGAACTTCTTGCATGGCCCCGGGG,T
GTGAAGAACTAAAAACGCAAGCATC,T
CAATCATGAGCGAATTAAACCCCTG,T
GGGCTTACCGGAGAGCACCTAGGTT,T
AGGACTGATTGACCTGCCGGGCTAT,T
GTAAGTTTCGTAGGACGCAGACGTT,T
TTACGCGACGCAGTTAAAATAACGT,T
TAGAAAACACCTGCAGTCCGAGTGC,T
GAGGACTTAACAGGAAAGGTCGTCT,T
TACTCGTGGGCCTCTTAGGAAAACG,T
GGGACCAAGGTATAGCTTCGCTTAA,T
GGGGAGATGCGACCAGAGTTGCTCC,T
TTACACCCATATAATTTAGGACCCT,T
GTCGATGGAGCAGCAGCAGAGCTAC,T
AGTTCCGCTCGGCGAGTCCTTAATG,T
TGGTGCGCCCTCGGTAAGCCTGGTA,T
CACCCATGCAAGAGGCCACTTCACG,T
AGTCGTTACGACTAGAGGGAAGGAC,T
CAATGACAATGCACGGTACAGAATG,T
GCTCCATGAAGTCTCTGACGCATGA,T
CGACGAACGATAAATTCAACACGCT,T
ATTACGACCTTAGCAGACGTAAGCA,T
GGTCTTCCGGGGTTCCGCTCTCACG,T
GCTCTAGGAAACAATTTGCTATGCC,T
AATTATGTACCAGCCTGGTACACTA,T
TAGTACTATGGTTCACTGCAAGGTG,T
ATGGCAACCCTACGAGTTGTCGGCG,T
ACCTCGGCCTTAGCCATCTCAGTCA,T
TTACTGAGCTCTCCTACCGGGGAGC,T
CCCACTCCAAAGCAGCGGCCCCAAT,T
GAAAAGGTGGTATTAAATAAGACAG,T
CTTATCGGCGTGTGCCAGACCATTA,T
TCACTAACATCGCGTCTGAGGCTCC,T
TAGCTCCGCTCTCTACTCCCAAGCC,T
ACCCGAAGTGATCTGGTACGGCAGC,T
TACGATTTCTCGTACGTGTATAATG,T
GTTCCACAGCCCAGTAGATCTAGAA,T
CCGCACACGTAATGTCGAACGGCTG,T
AACCTCGTGCCAGGGCATGTCTAGA,T
AGGATCGCAGATAGCGGGCATTACA,T
TTGAACACACTCGACCATACTTTAG,T
TAGAAAATTAGCAGGAGAGCCGCTA,T
CATTATTCAGTACTTGGTTAGGTAA,T
CCGGCGTTCACCGGGCGACGCACAC,T
TAGCCTTGCAAGTTCGCCGTCCCGA,T
ACGGCTGTAGCTTACTACGTTCCCT,T
AAACCAGTAGGAGTAGACCCCAAGC,T
CAGTGAGGATACCCGGAATAGGTGG,T
GAGGAGCTATGCCGGCTAGGATGGG,T
GCAACTGTGCTGAAAACCTCTCCCA,T
TTGTGCGGGGAGCCTATCATCAAGT,T
GCACTAGGGAACACGTTTGGAGTGG,T
CTTGGAAACCGAGATGAGACTCGAC,T
GGAAAAACCCAATATTAAAATGAGA,T
CAAATGCTTCCTACCTGATCTAGAA,T
GGTTTAGATGGACAAACTTTGAAAA,T
GCCCTTGCTAAAGTATATGAACAGT,T
ACCGGAGCCCGAAGATGAATACTTT,T
TAAATCAAATCCTGACGTCAGGTGA,T
GAATCACTCGCTAAAGCTAGCTGCT,T
GCTATCAACTTTATACCCCCGTGAA,T
AGGCTGGTAGAGAGCTGCCGCCCTC,T
TGGACGCACCGGCCATATAAACGAG,T
GAAATGTATCGGGACTCCCTTTGCC,T
TCAAGGCTACTATGTGGCGGCCTGG,T
AAAAAAATATGGCTGATGCAACAAG,T
CTACATCGCTGTCCGGCTCTCTTCT,T
AGCTCGAGAGAAGAGACTAGGAGTG,T
GCTCAGTAGCTTCTCGGACCCTCGA,T
TGGTACCTAGTGCATAGCGCATCTT,T
ACAGGGCTACCTCATTTTCATCCGA,T
CCCTACACAACCGTCTCTTAGTAAA,T
GTCGCCTGGAGCAAGCCTAAGCCTG,T
TAGTAACTGCACTGCTAGGCGGTTT,T
GTTCAGAGCAATATTGGGCGTGGCG,T
AGCAATTATAGGAGTTGATTCCCGA,F
GGGTCCTAACCGTCTCAAAGCAAGT,F
GAGGGTAAGGGCGCAGGGGTCAAGT,F
GCTTGATAGATATAAAGTCCGTGGA,F
GCCCACCTCTCAATTGTTCCGGGAT,F
CCGCGGTCAGCCTCACTCCAGTGAG,F
TGGTACCACGGAGGTGTTTTCCGAC,F
GTAGATCCGCGCAGTTAGATACGGG,F
GTAACAGACGTTGCTGACGGTATAC,F
TTTAAAGACAGCCCAACTGCTACTT,F
TCCGAACATCCGATCCCACAATTAT,F
TCTTTCAGGCTGTTACGATGCAGGG,F
GACTGGCATCTCCCGCAGAGTGGGT,F
TGAACGGGCCGGTCATGCTGAATAA,F
GAACTTGCCTCACCGAGATACATGT,F
GATATAGTTCGGGCCGTCATGAAAG,F
AGACGTGGGACGCGAGTGTAGAGAC,F
CTAAAAGAGCGCGTGCACGATAGAG,F
CTACCGTATATGAGTCGGGACGCGA,F
ACGAATTCGTTGGAAGAGATCTCTT,F
TGCTAGATATACGGAAGCACAATAC,F
TGTAACTTTGGTAAGTAATTTAACG,F
AGCGAACCTCGAAGTGAAGAGCACA,F
GTGCAAGGCTTAAAGTTAGAGAGGA,F
TCAATACAGTCAATTTAGATAGTGC,F
GTCACTCGCTAAGGCTAAGTGGTTG,F
ATGTATGACGGCGCACCTACGTCCA,F
TTCATGACGCCGATAAATACTGCAC,F
CCGTTCCTTTCTCCCAACCAGCCCA,F
TGTGACCAACAGGGACCGATATTCA,F
CCTCACCACGGCATTTTGCCCTCAT,F
CCCTCCACACCGTATAGGACGATGT,F
TGTACTCCATGTCTCCTTTTGCAAA,F
TGGTTGCCCCGTCATCTTCTAGAAA,F
CTTGTTAGTTTGCTAAACATCAAAT,F
TTTTAAGATGAACATGAACCATTAT,F
ACCCCCAAAGCAGGAAACATTTCTA,F
CCGCTTATGGATGACCTTTCATCGG,F
TTTTCATTTAAATCGAAAATGTTGC,F
ACTAACGCTGTATGTACACTACACG,F
GCTTGGTAGCGCTGGCAGGTGTATG,F
CAAGATTCTGGAAATTGTTTTTTCA,F
GACCCTTCGACCACCTCACCTTGCA,F
GGCGTCAATTCTAAATTTAACCAGG,F
AAGCCCACACCGCGGCTCTCTTGTT,F
CTTAAGGAGCCCGACCCCCCGAACG,F
TACCGGAAGGCGGCTGGACACGGAG,F
TAGGTGATGCTCATTATGAAAGCGA,F
AACTATTCTAAGTGTTCGTGATTCC,F
TCTACATGCGACGTACTCCCTTTCC,F
GGATTTGGCACCGTTGCGAACGACA,F
TCTTCACCTATGAGAGCATAGGTCA,F
AGCAGACTCCCTACAGAACGAATTA,F
GCAAATAGTGGAATAGTAGGCGCTC,F
CGTTACCACAGAGACGAAGAAAGCC,F
TCTAATCTTTATGCCGCGGCCAAAA,F
CAGACTCCATCCTCAGTCACTCGAT,F
AGACCCGCCTCCGCTGGTTCGGAGA,F
CGCCTCGCTATGATGACTCGTCTCG,F
TGCCCTAGTACACGGTATGGATGGA,F
TACATTTAGCAATAGTGTCTTTTTC,F
TCGCCAAAATGCAACCCGGCGAGTC,F
TCCGTTATCCACTAGAGATTACCTG,F
ACCCCAGCGCAACCATGTTTGGGTC,F
CTGTTCCTAGGCAGTGATAACGACG,F
AGATCATTTGGCGTGATCCACCCGG,F
ACGCTCAGGTACGCCACTATGCGCT,F
GTCGATATTATGGACAACAACGGGT,F
GTATACCCCCATGGAGAAGCGTGCT,F
AAAGGGAGTGTTCACTGTGCGTGAA,F
AGGTCTCATTTGGAAATTGGGACTG,F
ATATCCCACCTAATATTGTTTCAGC,F
CATTTGCTTATCCGCGTACTGATAT,F
GTTTATATATGCCCGAAGCGGAGCG,F
CGATTTAGTATATAATTTTTTGTAT,F
GTAATAATGACGTTACAACGTTTAT,F
CTCATGAAAGACTGTGTGACTATTA,F
AGCAATGCCTTACTATATCTGAGTT,F
AGCCCGACGAGCTGGGATAAGGAAC,F
AAAGTGTTTCCGACCTAAAAACCGG,F
AGCATCTAGAAAGGGTGACTACCTT,F
TGGGGCATAAGGTTGTCTAACCGCT,F
CCCTTTGTACCACCCGATGTGGTTC,F
GGGGCGGGTTCTACACTCCTTACGT,F
AGCCAAATTAAACTCTAGCAGTATT,F
CGTCCTAACGCAACCTAAAGGATCT,F
GCTTCCAATTCAAGTTCGCACACCT,F
CTTTTAGCTCCGACCGGCTCGACAA,F
TGAAGGTTTCATCTTTTTTACGAGT,F
GCGTTCCCAAGCGCTAGGCCAGGCC,F
AACCAATCAGGGGAAGGCAGCCCAA,F
TTTTCCGAGGCCATTACAATGAGGC,F
TTCCATGAGCTGTGGAGACATCGGA,F
GAGTGTACTATACTGTTCGGAATCC,F
ATTAATACCACGGCCTTAGCGTGAA,F
ACTCTGGGTTTGTTCGGGTATACAG,F
AGGTTTACGAATACTAGACGCCGAG,F
GTTCAGAACCTGCCTTAGAGCAGGA,F
TTTCCTACCTCTATCACTGGCCCCG,F
AAGGAATCGGAGCGAATACTCTCGA,F
ATAACCCCAGCTACGCGTGCAACGC,F
CTCTAAGTCTGAGAAGGAGTGCCCT,F
CCGTGTTGATAGCCTAACAATTCGC,F
CGGTCCGCTTTGTTAAATAACCCCG,F
GTAAGATGAAGTATCACAACACCAC,F
GTCTCAGCTGGTGGCCTATCTGGTG,F
CTTACCCTGATTCCACCGAGATGTG,F
TGTGCGGTAAGGTAATCCTACGGTG,F
CGCTGCAAGACAGTAATACTCGGCG,F
TCCTACGCCAAAACCGCTTCTGTAA,F
GGTATGCCTCATTCGTGATCCGGCC,F
TTGCCGGACCTCCGGTTGCGATAGA,F
TGTCAGCTATGTAGAAGGGGAAAAT,F
ATATGCGTTCGTCTGGAGAATACCA,F
CGGAATACAGGCACTCAGCCCGTAG,F
TAATCATAGCCGCCGACGACCGAAA,F
GGACCCCTACATATAGGGGAAACTC,F
CTATATCATCGGCGTTGGCTAACGT,F
GCCAGGCTCGAACCGTCTAGGGTCC,F
GCCGCAGACGAAAGCATCTGACAAG,F
GATCATCCAGGAGTCGTTGGCAGCT,F
TACTGTTTGTATTACTTAGTCTGTC,F
TACTCCGTATTTCGTCGGGGGGAGG,F
CTCTACGTGAAAAAAGACGGTTGCA,F
CAGCGAGCCTACGGTTATTCAGACG,F
CCTTACACGCGTGCTCGCGATGGAC,F
ATTATGCATCAGAGTGACGCAAGAG,F
CAAACACAAAGTGGGGGTGCATGCC,F
CGATGCTTTGCCCTGATCAGAGTAA,F
CTACTGCGACCGGAAGAGGTCGGGG,F
TGCGTCCACTGGAGTCCATCTAGCA,F
CATATCACCGGTCCTCACGTAAACC,F
GTTAATGGAGGTTAATAGCTTTGTG,F
TCTCCGTCCTAGTCAAACATCCTTC,F
TGATTCAACCACCAAGCCGGGTGTG,F
GGTGCGCGTTGTCACTATATTGGTA,F
CGCAGATCTGTTGGTTGTAGAGAAG,F
TGCTTGTCGACTTATTAACTTTCCC,F
AGAGATCCAGTTGGCATGTATTGAT,F
TTTTCCAAATCCAAAAGGTTGTGCA,F
TACCATAGGCGGCGCCACCACAGAT,F
ATGACTCCCTTCACCTCTCCATAAG,F
GTAGGTCATGTGGAGGTATACACCC,F
CCATTCGGACGCTAAAACTTTCGTG,F
AATATAAACGAGACAAAGACTGAGG,F
GCTTACAGGATTTAGGCTTGGGTAA,F
TCGCTTGGTTTTGCGAAGTGCGTAT,F
ATAGTAGCTTGCAAACCACCCTTGC,F
GGTCCACCCCAAACCCTTCCTACGG,F
TCTCGTCACTGTTCATTAAAAGGGG,F
AATCCTGGTCATATTAACACACTGC,F
GCGCGGTGCAGCAAGACTTTATTCT,F
ACCTGGGGAGGGGCCTTATCGCGAG,F
GCGAAGTAACCGAAATTAATTCGTA,F
GTTAAAAGAGCTACCTATGAACAGG,F
AGATGCTCGAAGGTAAAATAGCAAA,F
TCGCTGCGGAGATGTTCCCTCCCAT,F
ACTAAGTCCCGCATTTGTATGGGGG,F
GCTTGCGCGCTCGAACGAGTCATGG,F
TTTTGGGATTTTACCACCGCAATTA,F
AGAACCCGATATGTCCAGGAACGGG,F
CGAGCTACGACTCTGTAGTATAGTA,F
CTACCGGGTCACCTTGCCCATGCGG,F
CTTGAATAAAGCTTGTTGGCCCACA,F
AACACATCGCAATCCGGTCTCGTTT,F
TGTCACAGCTCGATAAGACTGATTC,F
ATCAAAACACAGCGCTTTCCGTTGG,F
CCGTATAAATTATGAATAGCATCTA,F
AGTCGCGCAATTTACATCCTTAGAT,F
GAAAACAAGCAATTCTACATCTATG,F
GAATCCAGGTTAGTTGAGTGGCTAC,F
TGCATGATATTGTCCCGTACAGAGG,F
CGATCCTAATCATATATGCCTCGGA,F
ATCTAGTCCATCGCGAGGTCATGTA,F
ATCCTTGTTTTTCATCCGGGACTGC,F
AATCGCTACGCCCATTGCTGTTGGA,F
TGGAAGTGCCGCTCCTTTCTATGGA,F
ACTAGCCTTGACAGCGAACTTCAAG,F
ATAGCCTTAGAAGGGACTTCCGAGC,F
ATACGCGGTCAAGATCCCATGTTTA,F
ATGACACGCTGACACGATCTCGCCA,F
GATACCTAGATATTCCGTCTTAAGT,F
CGGCGGATGGCTAGGGTTTACGGAG,F
GCAAACCCAGACTGTGAGCCTGTTG,F
CAACAGTTACCATCACTCGGCTCGA,F
ATCCTGACGGGGTCCTGGACTATGA,F
GCCCCAAGTTATCTCATTCAGTTAC,F
GCATTCTAGCTTCTGTCGTGTCTTG,F
TAGCGTTGCGCTTAAAGTTCTTTTG,F
TTAGTGCTATCGTAAACACTGCCCT,F
CGCTCGATCAGTAGACGAATGACTC,F
GAGTATATGTTGTCTGCCTACTGGA,F
GCCCGCATATACAGGTGGAGTGCCA,F
GAGAGTCACTCGAGCTTGCTTGAGA,F
GCCCTGACGAGCGGCAAAAGCTTTG,F
CCATCGACGCCCTTCGGCGTCGCCG,F
AGAGCGAGTTTTCGTCTTCGTGCGC,F
TTGGGTCGGGTGGGGACCAGTTGCG,F
ACAGCGTCACAATGATGCGGTGTTG,F
ATCTAGTACTGGAACAGACGCATGA,F
CTGCATCTAAAGCAAGTCATCGCAT,F
TCAGACTGGGTACGCATCTCCGAAT,F
GGTGGGGGTCTGTTCATACCGACTG,F
TCTCAAAACTATGCGTCTGAGAAAA,F
AATCTAATGGCGGCGGGACGCCAGT,F
TGGACAGTGTCGCCCTTCGCTCGAG,F
ATAGTGCGGCGAGCTGCAACTCTGC,F
AATGAGCACAGTACTGTTCGCGTTA,F
GACAAACTCTTACTGCCATCTCCCT,F
CAGGAACACCCTCGAACGAATAACG,F
GCCACCTTATAGTTTAGTTCAGGAC,F
TACGGCTCAATTGAGTCGCAGTGAT,F
GTCTCGGACTCGCGCTTGTACGTTG,F
CCATTTCCGTTCTCTTTCATCATTC,F
CATGACGCTAACAATAGGAATCCCG,F
CTGTCCTTAGCGGCGCTTGAACCCT,F
AGCCTTTGGCAGATTTCCCATAGGT,F
CGCTTCCTTCCTATGGCGTAGTCGC,F
GTGGCACAGCTTACGTGCGTTACAC,F
ATGGGCAGAAGCTTACTTGTTGTAA,F
CGACCGGAGGACCCGGTACTGTAAG,F
TGATATTAGAAGTCACCCATCAGAG,F
TTGAATCGTCGAAGCCCCGACGCAT,F
AACCCGCAGTACTGCCGGCTCAAGT,F
TGCAACCGGTCTGCGAGGTCGGGTA,F
GCAGTGCGCAAAGCCAACTCAGCAC,F
CGCGTTGTGGTCGTGGCGCCCATTT,F
ATAGCTCCGACCGGCGGTGAGTTCT,F
GGCGTGCGTTAAATGGATCCAGAGC,F
ACGAGCGTTGCGGAAGCTTGGAGGA,F
CGTAAGAGCATCAACACAGGCATCC,F
ACAGCATGTGGATGTGTGCAGACTA,F
AGCAGTTGGGGGGTTTACGCGTTGG,F
CCCGCAAGGGAAGCTATTCGGGAAG,F
ATCCATCGGTGAAACCCTGACCTCA,F
GGACACGCCTCAGGCTCTCGATTCC,F
GATAAACCAAGTTACAAGCGGCTTT,F
TTGTCTCCCGGGGGCCCTTTGCGCT,F
TCTGCTCGCGAGCTTCCTAGCTCTT,F
CTGCGGGCACGCAAGCCTGCTCGAG,F
CAACTAGCTTTACACTGTGTTTAGT,F
GACAGCAAGGAACTATGCTATCAGC,F
ATGCTCGGAACACGCCTTGTACCAT,F
GCTGCTGGGACTCTGATCCAGTTCT,F
GTGTTAATCCCATCTCCGACCGGAC,F
TTGGCCAGCCGTATCAGGCATATCG,F
ACAGCATCGACCCACTTGCGCCGCC,F
TCATAGAATGCCCAAGACATTTCGG,F
GGATCGTATGAGAACTGAGAACCTT,F
CCTTTCCACCCCATCGGTCACGCCT,F
