ACCTCCGGGCCTGGTATATCGCTTG,T
TGTTCCTCGCCTGCCAGGAGCCACT,T
ATTGACTTACAGTGGTATGTGGCGG,T
ACCAAACAGAAACCGGAATGTGAGG,T
GCCCTAGGTTAGGACACCTGCCAAG,T
TTTGCGCAGACCACTTGACGGCCCT,T
AGAGTACAATCAACTGAGTAACTGA,T
GCACTTGCCAGCTTCTAAGATCGCT,T
ACATTTCCGGTACGGATCGGCGTTG,T
TACTCCATCTCCCAGTTAGAGCGAA,T
CAACGCGTTTCCGGATGTATCTATT,T
AGTTATGATCATGGATACGAACCTC,T
AGCCTAAACCCGTCATCTAATAACG,T
CTCCTCTCTGAATCTCGGACGGAAG,T
GGAATAGCCGACGAAAGGACCTAAG,T
GCTTTACAATTCTACGAGAGTTCAA,T
CCGGGCAAGCCTCCGTCAACCGACG,T
TCTTAACTCCATTAGCCGTTGACTC,T
TCATGCAGTCCGCTGCCTATAAAGG,T
TATTACGGCCAAAGAGATCGGTAAC,T
TGAGCACTTTTCGTATTAGTTCCAC,T
CGGATACCAGGGGTATCTAAACATA,T
TGGAAAGATGTCGAAGCTGGAATTT,T
TCGCTGCTACTGACGCTCTCGATGT,T
CTCCACGCGCGGTTTGCTTGATATC,T
CCCCTGGGTGGTTCCAGTCACGCGC,T
AATGACGGAAGCAATAGTACCTCGC,T
GGAACGGACCATAACAGCGCGGTAT,T
CGATAAGGCAAACGTTCTACGAGAA,T
AGGTGGCTTGTTAACGAACTTGGGA,T
GCTGGGTAAGTCTGAGCAGATCGAC,T
ACGTGCATACGGTCGTGAGTCCGTC,T
CTCAAATAGCAAGGGGAACTCCTTT,T
TGGTAGGGAAACTTTTAATTGCGAC,T
CCCTAAGAACACCTACCGACTGGTG,T
TAATTTTTCGAGATTATACTTGGCG,T
AAAGAGGACGCCATACATCTAGAGG,T
GGACATTTAGATCCGCAATTTTATG,T
CTTAGTCACGTACACACAAGCTACT,T
GTGGTATTGATGGAGATCCTCGAGC,T
CCAGCAACGAGGGGCCAATTCGGTA,T
CTGCTCGGCAGTTACAGCTGATACC,T
TCACCCAAAACACAAAGAGACAGCT,T
ATTAGTCTTGACTAGATTGCTAATA,T
GCGGGTCAGCACAGTGGAGCAAAAG,T
AGATCAGGCTTTATGACGACTACCC,T
GAGTAAAATAGTATTGGCACCATAA,T
GAAAAGCAAGAACGCCCCCCCTGAG,T
GACAATGAAGAGGCTTCTGGTCATA,T
GCCCGATGGCCATTTAGTGTTACCT,T
TAGGAGGCATGAGACTTGAGAATAT,T
CCCTGCGACCTTTACATTTTCGCCC,T
CGAAACACGGGTGGACTTCTTCACC,T
ACCCTTTCCCTCCGTTTGAGCTACT,T
TAAATTAGTGCTGGTGCAAGTCAAA,T
CCTTAACCGGACAAGATCAAATCGT,T
GCAGTGTCATGGGGGGGACTAGGTA,T
TGTTCGGCGCGGATGACATCCGAGG,T
CAGAGGCCTCGGGACGGGTTATAGT,T
CCCGTAAACAGATGTCCTCAGTGGT,T
ATCGAAATCCCTAGAGGTCTTGTGG,T
TAGGATTTGTAGACACGACGTTAAA,T
AATTACTTATCAATCGGACATAGGC,T
AGGCGCTGCCGTTCATGTAATGTGG,T
TCTACCCGAGCATTAATGCGAAGAA,T
TGCCCAATGAACCAAGACGTCAAGA,T
CGGCGCGCAAGAAGCAGAACTGCGA,T
GATGTGGGCTTACGAAAAGTCCTCT,T
CCCCAGTATACCACCTTGAACAGTC,T
CAAGATGGAGCCCGGATTCGCCCCC,T
GTGCTTAGACACACTGTAAAACGGA,T
GTGTCCTATTCTTAGCATTCTCTCC,T
TACGCGGTGGTGTAGCAGGGACGGC,T
TACAGGATTTCAAACAATGTGGCAA,T
TCGGCCTACCCAGGAGTACTTGCCT,T
GTCGATTATACGGATCAACTTTTCG,T
CTGTGTGTTGTTGGCCATAGGGAAC,T
CCAACTGTAGAAAACTCGAAGGTTG,T
TGATTCGCCTATTGGTTCTAGGCCC,T
AGTTTCGATCAGTGAGCATTTGAAG,T
TGAGCCGCAGCTAAACTGGACCGTT,T
CCAGATTAACCCAACGCCGTAGGGA,T
AATAGATTGCGCCGTCAAGATCCTC,T
TGGAAATTCCTTCTAGGCGCGTAGA,T
CCTTCTATTCTCCGTTACAGCATCG,T
ATGACTCACTGAAGTACCGCCCCCA,T
AAGACCACACCCTTGCCGGACTTCG,T
CTGCCCTAAACAGGATACAGAGGTA,T
TCAGAGGTGCAAATCCGGTTCTCTC,T
GCCATTGAGATTCATCTCCAACGGA,T
CCCCCCCGGTATCCAGTGATCACTT,T
GGGTCGCCCCGCAGCTCTCCGTAGT,T
TATGTGTGCATTTGCGCCGTGATGT,T
ACAGAAACTAAGCGAGCGCGAAAGT,T
ATCTAACCGCGTTAAGCCTCCCATT,T
CCGGTAGATTTGCCTTCTACGAGGA,T
GCAAAAGGTCGAAATATAGATTCTC,T
TGTCCCAGGAGCCTGGAAGCTGCTG,T
CTATGCTGAACCATGCTAGAGACAC,T
CTCAAACGACCTATCGAACACGGGC,T
AGCTATCTGGATTACTGAGCATGAC,T
ATAGCCATTACTGCGATCGGAAGAC,T
GATCCGGAACCTAGGCGGCACATAA,T
GTACACGACAGCACGTGCGGGTGGC,T
TTGTAAGGGCTATGAGCGAGTGATG,T
GAACCCCCTTCCGATGGATGAACAC,T
AGCCCAGAGCTTTACTCTCAGTCCG,T
AGCTTATCTGAAATTGGCCTTATCC,T
ATAACTGGTAATGCGTGTACATCCG,T
GGGCGGGGGGAGCAAAACAAGAGCT,T
GGTGCCTGTTGCGAGCCGGTGGATC,T
TGGTTCCTAGAAAGCACGGGCAACC,T
GCCCACTTATAAGTAACGCAGTCCG,T
TCTTGAGACTGAGTCCTTGGCCAAC,T
CGTACGGAATCGTATCAATTTTAGA,T
ATCGGTGGACGGAGTCGGAATCGAG,T
ATTCTGCCTAGTTCTCTACTGAGCT,T
AGAACTTCGTGTCGATTTACATGCC,T
ACATATCACAAGCCTGGTAGCTAAA,T
CTGACATGCTGGTCCGACGTAGCAG,T
CTCATTACGGCACTATACCAAAACC,T
CGCCCTCACCAGGTTCTTTCACCCG,T
AGTAAAGGTTTCCTATATGCCTTTC,T
AAACACAGAGAGCTGAATCCACCAG,T
AAAGAGTGGACCTCTCCCAAGGAGA,T
ACGCTTCACGAACACAATACGCTGG,T
CAAAGAAAGACTATCCTAATTTACG,T
AATGTATTAACGACGTGCGCGAATA,T
CAGTCCAGAGTCGCGAACTTCCGCT,T
TTCTAATAACACTAGCTTAGCTATT,T
CGTGGTTGGGCTAATGTCAATTAGA,T
CCTCCAAGGACCCGTCGTATGTAAT,T
GGTGCATTCTAATCGAAGCTACAGT,T
TCGGGGGTTATATACCTGCTTGGAA,T
CCCTTAAGGCTCACTACTGGTCACC,T
TAGACATAAAATTACGCCGCCACAG,T
ATCCGTGAGCTTATTTATAATAATT,T
GAGCTTTCGGGTATCGATTCAACTG,T
GTGGAAAGAAGCGCTATCTTACGGA,T
GGCACCTAGCCGTAGCACCATCCAG,T
CATGCCGAAGCCGCAGATCCCGGAA,T
CGACTGTTATAACAGTCATCCGGGC,T
CGCGGTCGAACACGAGCCTAGATCT,T
ACTCACTGACAAATGGACGTGGGCA,T
GGATTTTGTTATAGGGTTGGGTTAC,T
ACAAGAATTTAGCTCAAGCCTGCCC,T
AACTCCGCCCACGCTACAATAGACG,T
GCTGCATTTCTTAACCTTGTCCATA,T
AGCAATCCAACTTAGATGATATGCT,T
CATAGAAAAGGCCCATACCTGGGGA,T
TGCATTGCTAGGGATTTGCTTATGG,T
ATAGCGTATGCACGAACCGCGGCAG,T
CCAAAGAAAGGGTGGCACGAAGGGG,T
AACTAGCTTGCCCAAAAACTGTTAG,T
ACGATTGATCGTATCCTTTTTGACG,T
TACACTGAGCTGCTCTAGCATAGGA,T
TGGTGTCGCTACTCGTGGCATCCAT,T
GAATTGCCGCTGAGTGAAGAGTTCC,T
TTAGCAACTGACACGCTTTACCAAA,T
GCTTACTGTTTGTGCCATATGTTCC,T
GTTGAGGGGCTTAGCTGACGCAGCA,T
ACACGACCGGAGCTGCATTACAGCG,T
TTTGGGGACTACTTCGGGCAAGAAC,T
TGTTGCAGCATGGACTCACTTTACC,T
CCTAAGATCCCAGTTGGGGTTTAAT,T
ACTGTCTAAACTCCCTATATAGACC,T
GCTAATTTCATAATCGCGGAAAACC,T
TTAATTATCTCCTCACTGGCGTATA,T
AGTGGAGACCAAATACACCTTTGGG,T
ACCGGTGTCCCACCTGGCAGCACCG,T
CGCCCTCACTAGACATTAAGTACTC,T
GCACTTGCCAACGTGTTTTCCCGCA,T
GGTTGATTACGAAACAGCCGCAATC,T
TTAAAGAGTACAGGCTCTACTGGCC,T
GACTTCGGGCAAATCATTCCTGGAT,T
GACAGGTCTGCGCAAGACCTAACCT,T
GCAGGGCCGTGGGCACGCGTATCCT,T
TCTACGCTCCGCGTGGTTGTTAAAG,T
CACATGCGGGACTGTGTTAAGCTCG,T
GTAATGACCACCAGTAACATTAGTC,T
GCATGGAAACAACTACTTGTCCAGA,T
GATTCTAAACTGCAGCACCTCTGTT,T
TCTACCAATGTGAAACAGGGACCTC,T
TCGAGTTACCGAGCATCGGGACAAT,T
GGGTTTTTAGCACGTCCGAACACGG,T
TGTAAGGCGCGACGTTAACGTACCC,T
GTGGTCGGACACCCACTCCTCTGCG,T
GCAACTCACTACGGGCCGTGACATT,T
TGTGGTACGTAAATAGCACTTACGA,T
TAATTTATGCCGCTGGCGCCCGGGA,T
CATAATCGAGCTCCCATGAAGAACC,T
GTGGGAGGCGGCCTTGCTCAGCGCG,T
CCTCTGCCTTCCGACTGTATCAGCA,T
ATGTAGTACCCGCTCAGCCTGTGTT,T
CATGGGCACCCTCGGTCCCGAGCGG,T
TGCCCCCAGATTGAAATTCGGTCCT,T
TAAGGAAATGTGGCGATCGCGCAAT,T
TCGGGGCTATAGATCTAGACCCAAT,T
CCACGTTGCCAACGAACAGTCTTAT,T
TGCCCAGGGAGCGCCAATTATTGTC,T
CTGAGTCACAGTGACGATACCTACT,T
AGCCCCTCTTTGACTCAGCCGGGTA,T
AGGCTTTTCATTTGCCAAGCTTACC,T
AATCCTACCTGTTAACCCGGCGGGC,T
AGGGAATTGCTAAGCGTGTTACCCT,T
GCGCTTTTTAGGGGCCCTCTCAAGT,T
TCTGCGACCAAGTAACCTTGTACCC,T
GAGCCCGCTCTTCCTAGAGATTTCC,T
CCACATTATCAGATTCTGTGATGAC,T
ACCGCAACGGAGCGGGCTCGCGAGT,T
CATCAATCATGGGGTATCGGTCAAG,T
TTCCGCCAAGGCATACTGCGCTGTA,T
TCCAGGTTGAAGGTAAGGTCTGATC,T
AAGAAAATATGTCTGCTATTTGTCC,T
CAAAGTTTTTGTGTCCGGTTGATTT,T
AAATTGATTGTTATGCGAAGCGACA,T
TTATACGATTGGGCCTCCTGATCGG,T
CCCCCCTATTTTACTCTAATTGGCT,T
GCTTCTGTTCGCATGGGTGCATCGT,T
GCGGTCACCTGTTGACATAATACCG,T
AAAACTATCATAGCGGACTTTAAAT,T
CACGAACTTTCTGACCGGTAGCTTG,T
CTGACCCCACTCTCCTCCCGTCTTG,T
TCCGGTCAAATGATCGTACGGTTGG,T
TTGGTACGAAGAGGAGCCAGCCCAC,T
TCTGGCTAAGTTTCACAACGCACCG,T
TTTACTTATAGTGTCCGAAGACATC,T
GCTTTCGAGTATATAGCGGGTGTGA,T
CGGACTCCTCAATGACCAAATCTAA,T
CGCTGGCACAGTGGAGTTGGAATGA,T
TAAAATCAAGGGTATATCGGCATGT,T
CCGCAACGGTGTTCTGCTAAGAGCC,T
CTATTATGGTGGAGTCGTTGTTCAT,T
CCCCAGATTGTCGATGGGACCTACA,T
AGTGCCTCCCGTTTGATGCAGCAAT,T
ATATCTGTCCAATGAAATTGACTCC,T
GGACCACAGAGAAATGCACATTAGT,T
TATCGACGCCCTAAGCACGGGGGTT,T
ACGCTACCTCTGTCGTGTTTGGCTT,T
CACTGAGTGGAACTGGGCAATTGAC,T
CCGGGTGAGGTGTGCTCCCGAATAT,T
CGCTGAAGAGACGTAAGGTCATGGG,T
CCTCAAGGTGCCATCGACAGCCTTT,T
TTGAACTCGTATTGTGACCCTAAGA,T
TAAGTCCCGTACGGTCCTTGATGTC,T
TACACAAGGCTCAAGTTTAGTCCCC,T
CAGGCCAGCATACTCACCCTTTGGC,T
CCGTGACCGTTAGAAACATTGCTCT,T
CGGGCGCGTGTCGCGATAGCTTGGA,T
CCCTCGGTGCCCTCTATGCGCCCTG,T
GACAGGTTAGGTATAAGCAGGCCGG,F
GCCGGAAAGATAGCCACCTTCCAGG,F
AAGCTTGGGTGCGCCTCAGGACGCT,F
TGGCCAGCCTTATTAGGTTGCGACG,F
CATGTGAAGTGAACGTCTGAAGGAC,F
TATCGGTACGTGGATCCTTCGTAGG,F
TATATGAGGACCGACTTTAATTTCT,F
TCAGCGTCTGCGGGCGGGACAGGGG,F
CCCGCTCTCCGGTAACGGACAGATG,F
GCTGTCTACCACGTGAGTTCACGCG,F
TATCCACCTACAGTGTGGCTGCCCC,F
TGTAGGGATGCAGGAACCGTTTGTC,F
GGCGAACTGGTGTGTGCTACGTCTA,F
CAGGCCTAATTTCATGATCTGAGCA,F
AGCATTCGGCTCAGAATGACCGCGA,F
GGTCGATGCAAGTCAATTGTCGAAA,F
ACTAAGTTGGCCGCGGGAGCCGTGA,F
GTCCGTAGATCGACGATGCTGCCGT,F
TATCACGAACCCGGCAGATCATGAA,F
CAACATCCCCAAGGAGGTGGGGTTT,F
GGGAGTATACTGAAACGACGTCTCT,F
AGCCAAACCTACTGGTAAATCAGGC,F
AGTCTTTCAGAAGTGTAGATCCTTA,F
TTAGGCTCCGCGTTGGTGTGCCAAA,F
GATAAGGCTTTTTAGTCTCTCTAGG,F
GAATGGAACCGAGTCGTGACTTCTA,F
GTGGGAATCTGGGTGTTAACTAAGC,F
AAGTCAGATCGGCTTGCCGCGCTGC,F
TTTGGGCGTGAGTTTTACACTTTTT,F
GCTCTCCGCTGGCGCCTTGCTCTTT,F
CTTCGGGCAGATCCACCCGGATACG,F
TGTCGGGAATCTTACGAAATCTCCA,F
TGGGTAGTGGGGTGGGGGAGACAGA,F
GCAGCCTCCCAAAAGTCATATTCGC,F
TCTAAGGCATCTGCTGCGCTGCATG,F
TTCCAAGATTAACTCGACTCAGTGA,F
GCAGCATCATATCTTTTCTCCAACA,F
CACTTCCGCCGTATTGTCCAAAGGC,F
CCTCGGGTCTAGTTTCCACACGGTC,F
ATGCAAAAATACACTCAGTTACAAT,F
AGCCGGGTCATGACCGACCCCATGT,F
ATGCCGTGATCATTCTCAACTCCAT,F
CCGAGTAGTAATGTAGTGCCCGTAC,F
AGTCCGCCGCAGGTACATCACCAAC,F
TGGGGTTCTGACTGCGGGTTGGGTA,F
AAAATGGTCGTGAAGCGAAAAGTTC,F
CTTCGAGCGTGCCCATCCAGTTAGG,F
ATTGTATTTGGTAGCAACCCGTTAC,F
TCAGTCGATTAGCCTGCCGCTCCGC,F
TGTTTGAGTTGTTTTACCGTGGCGG,F
CTATCGTTGAGATGCTCAACCAAGT,F
TCTGCGACTCTTATGCAAACCATGC,F
TCGATAGATGCGCTACGCTAAGGTT,F
TCTAGGATTCAGAGTAAAGAATTTC,F
TAATCACTGTACCTTTTGTATCCGG,F
ATGTATTCGCGACGTATAGCTAGTT,F
TGATCACGGGATATCGCTCCAAACC,F
TAAAAGTCTACGTATGATTGTGGCA,F
TGATGTGACGAGTACACCTACTCGT,F
CGGCACATAACTAGCTACGTCCCCT,F
AGTCATACGGGGAACGCTCCAGATT,F
TTCACTAGCGGGTACCGTATTAACA,F
AATCCCATCAGGTGAGGTCAAGCGT,F
TTGCGAAGAGGTCACGCAGTGTGTG,F
CGATATTCCCTTTTACGGGATTCCT,F
GACTGCGACATACAATTAACGGCTG,F
TGTGGGAAGTCTTCACACGGGATTA,F
CCAGTACAGCGGGAACTACGCTCTT,F
CTCATTCGCTTCGGAAATGACTAAA,F
GTTGCGCTCACTACGGGCCCAAATT,F
CCAAAAGAATGCAGCCACATAATAC,F
GTAACGGATGAGGTCCAGGTTCCCA,F
AGTGTCCAATCATTTTTAGTCGTGT,F
CAAACCTGGGGCAGATATTACCATA,F
AAGGCCGACGCTCCGTCTCGGACAT,F
TGCCAACGGGTCGATACACACGCAT,F
ACACGTAAAGGGGCAGGCTCGGACC,F
CGTATTCATCGGCCCCCTCCATCGA,F
GCCAACATGGTGCGCGTGTGATCCG,F
GGTTCGCATGCGAGCGTTTCGCCTG,F
GGAAGGCGCTATATGTGCCAAGCGC,F
ATTAACCCGGATAGCCATACTTACC,F
CGGGGGTTTCTGATCTGTCTGTAGA,F
TCTAATCCACGACCGGGTCATTTTA,F
ATGAGACACCAAAATTAGGGATCCG,F
CAATTCTGAGCCCCGCAATCAGTTA,F
ACGTTATCACATCTCTGAATCGCAG,F
AATGTCGTCGTCGCCCCTGGAACGG,F
CGGCATCTTCGTTTAAGCGGACAGT,F
GTAAGGGGTGGAAATGTCTGGACTT,F
GCCGAATCGGAGGCCAATCGAACAC,F
ATCCCCTTGTGCGAGCCGACAGGTT,F
GAGAGCCATATACGCATTAGAACTG,F
TAGGACGGCCGTGGGCCTCCTTGGC,F
GTTGGGGCGTGATCCCATGGTGCCG,F
GTGTAAAGTAAAGCCTTGACACGGG,F
GGCACCGGAGCGCAGTACTTATCGC,F
CGCGTGTTTGGATCAGCCGAGAGCG,F
ACACCCGGCACTATATAATATGGGT,F
GTTTGTTTTATAGGACTCTTGCGCT,F
GAATTGAATAGGGTCGAATCAAATA,F
TAGCGCCCACGCCTAAGTACCGTCC,F
GGACATACCAACAGTTCGAGGATAC,F
TCTGCGCCCCCGGCGTGCGAGGGGC,F
GTAGCGTACTAATTATATGGGACGT,F
CCAGCTTTGAACATGTATGCTTACG,F
CTTGAGCCGGCTACTGTTTTATGGG,F
TCTAGAGCAAACGAACGTCAATGCG,F
GCCACCGCCTTACGCGCGGCAACCT,F
ATCGTTGTATACCCCTTGGTTGTTG,F
CAAGAATGTCGGTTTAACCTAGGTA,F
TTTAACGGAGATCTTTAGAAGTGTA,F
CACGTTGGACTGAAGCTTCTTGCTA,F
AGGGCAAGGGGTGTATACACCCTTG,F
TACGTTGAATACTGGTCTTTACCTC,F
GCCTAGGAATAATCACGGTAAATGT,F
TCGGAACACCAGTAACATGATGTTC,F
CGAAGTTCGGAATTCTGAATAAATT,F
GGCTTAGAGGTAAATAGAGCTAACT,F
AACACCAGTCCAAGCACAGAGTTTT,F
ACTTTAAGAACCTGACAACTAGAGA,F
AGAACTGGCGGGTAGTAAAAGTGGA,F
CTCCAGGAACATCGCTTCTTTGCAC,F
GGATTTCTGCGGAAATTGACAGGCC,F
GTGAGCATAGATTTCCTAAAAAACG,F
TACACAAAAGCCGTTCCGCCAATCC,F
AGGGGGCATAGACTGTGGCAGTCTT,F
TTTCCGGTAGTGAAGTCATTCTGCG,F
CAGTCTCTCCCTGCCTTAACTTCCA,F
ATAAGGGTGGAATCGTCCGCACGGC,F
TAATACTCACTCCGACAGAACCGAC,F
TTTAAGAGTCTCCATCCCGGTTTAG,F
TTTCGACTAGAGAGTATAAAGAGAC,F
CTTATTTGGGTACCCAGTTTTCCGT,F
GTCGGGCGGGAATGGGTCAAGCAAA,F
GGTGGTTTAACGTAAATACGAGCTT,F
AGCGCGGTCAAAGGTCAGAGCGCTA,F
GGAGCCGTGTGGGATCTGTGTAGGT,F
CTTGCGGCCAGCCCGATTAATGACT,F
ATTTAGACCCGCCCGGCATGTATTC,F
CTCTTTGACTTAAGTTGTGAATAGT,F
ACCTATGTATGGCATGAACCGGTAA,F
TCTACGTGAGCATATTGCTAAAGTT,F
AGGGGAAGTCTTATACAGCTGGCAT,F
GCTTTCGCAGCTCGACGGATCTCTA,F
CAGTAATGCCTAGTCTGGCGGTGCT,F
CGTACTGAGCGGTCGAAATAATACG,F
TTTCTCATTAATGCACACGACGGTT,F
AGGCAAGCTCTCATCGAGCCGAGTA,F
TTGGGTATATCCAAGACTAAACAAT,F
TCCGAAGGTGCTACCCAGAAAGACG,F
CGCAGTTCCGTGATCAAAGACGACC,F
TTGCATACGACATATTGGGGCTGCG,F
CGGTTTCGGTTATGACTTTCGCGAT,F
TGCCGGGGTACGGATTCACATTACG,F
TCAGAGTGAGCTAAACCGGTGGGGC,F
CGTGCCCCAATGCACGATCTCTTCT,F
AGGACTCCAACTGCGGTCATACTCT,F
TCTAGTGAACACACTTACGACAAAA,F
GTGAGCCATCTCCATCTCACTTGAT,F
AAAACTTGTTACTTCAGGTTTCTGC,F
CGGCAGTCGCCCATTGCTTACGGAG,F
AACCATTACCCGTAGGTATGAACTT,F
TCTTTACAGTGCCGGAATGTCATGG,F
CGCCTCCGACTTTGAAGGGAAGGTT,F
GGGATGCTTATGTTAATGTCATTTG,F
TCGCGTGCCTCGAGGGCTCTATTGA,F
TCATGAAACGATGATCTAAGCCAGT,F
ATGCATCCTGCCAATGAGCTTGCGA,F
GTAAAAGCCTTAAAACCAAGCCAGC,F
AGGAGGCGTTGAGGCTCAGAATGTG,F
TATGACGTTGGAAGTCCTTGAATCG,F
CTGACTGTAGTTTAGACACCATTAA,F
GGCGTCTTAGAATCGCAATTCCGCG,F
TCGGGTTTTTAGACTAGTGACGGCC,F
TTCAGTCGCTGGATCGTTAACTCGG,F
TCTGGTTGGTAAGAACACAGCCTTA,F
TTTAACGTCTAATTAATGCTTTCGA,F
GGTGTTCCCTCAAATTTATGCCTTT,F
ACCAGGGTTTGTATGGAATCAAAAA,F
TAGTGCGCTCTTCCGGACGTTCACA,F
CTTATTAGGGGAAATCTATTGATAT,F
ACCCATACATCCTTAATGCCATAAG,F
TACGCATATTAACCGTCGTCGTTTC,F
GAGATGTCCAGTCAGCTAAAGGCCC,F
TATGTGAGAGTTTATCCTGTGCTCA,F
TCGACCACCACCCAACATCCCATCA,F
ATTGGAAGAATTGGGAGCACGTTTC,F
ACTTTCTCTCACGGAGAAGATCAAG,F
CCTAGCGTTTGCCGTATTGTGTAAC,F
TATGTCGGTCGTTCACCATAGCCTA,F
GACCAGGGTCTCGGTACTGCATACT,F
TAAGGTCTGGCGCATGCCCCGCCAG,F
AAGCGGATATACCAAACGCTAATGG,F
CACCAACCTCCAAGGCGCATTAACT,F
GGATCATGTTGGGAGACGTGTTTAC,F
CCCGACCGTGAATAATTTAAGACGG,F
TCACACAGGAGATTTTTGTCAGTTT,F
TCAATTCGCTCGGGCTACGTTTCTA,F
TGGGAAAAGAGCGGTCCAATTGGTT,F
CATGACGGGGTCATCTTTAGATACG,F
CGAAGGAACGGTATAAACTGCTTTT,F
GTCCTTTGCTTACAGACCTTGGCTA,F
CAAGGACACATTACGAATATTCCTA,F
TCAACGTCCCGGTTCAAAAGAGGGT,F
ACACGGGTAGGAAGGCCAGTGCGGA,F
CCATCTGCTGTGATACATACCATGG,F
GTACTAGCACGTTGCGTCAAGCGAC,F
TCGCTAGTACCAGCCGCGCCCACCT,F
AGTCTTGGTGATAGAGCCGAGCAAA,F
TGTCGCCTAAGTGCTGTTTGACATG,F
GCGATTGGAGACGGTTTACGGTGTC,F
GGCTTGTGGGGAGGCCGGTCCCAAT,F
TGGGATCCACATCGGGGTTCCTTAC,F
GGTGTTGCCGTGTCCTATCACGTAG,F
TAGTTTAAGAGGAGTGGGGTGCCAG,F
ACTCCTGCACGAAGATGTCGGGAAG,F
CCGTTCGACCACTCGCGATCATTAC,F
CGGCCTGTCGTAGAAGTGCTCTACT,F
CGTGATATGATGTCAAGCCTGGCGT,F
GGTAAGAGTGGCAAAGCTAAGACGG,F
GCCTCAAACGATGAGGGGCCGCAAA,F
AGCCTAAAATTAACCGAGCAAAACC,F
TAAACATACCTGGGGTGGAAGGTCG,F
CAAGGCTGTCTGCTCCCGATGTGTT,F
TAGTCGAATTACGGTTATCTGGTTA,F
AATTATAAAGACTCAATCGATATCC,F
ATATGACTCCTCACCGATGCTAGAT,F
CCAGACTCTTTACATCGGTGATACC,F
CCTCTGGATATCACAGTCTCACCTG,F
CGTATAACCTATCTTTTATAGCCCA,F
TACCAGTATTACCTTCTCTGAGTGA,F
TAATACCATGACTAGACCAGGCACT,F
TCTTCGGGCCCCCGGCTGGGCGGCT,F
GCAATAGAGTGCAATAGTGAGTTTA,F
AAAACGGTGCAAAGTGTGGACTGAC,F
ATGCGATACTCTCAACTGGAGCGTC,F
AAGGATTAACACCGCCAATCATACT,F
CCTACCATATCGGTATGTATAGCAG,F
ATCTACGTCTAGCAGCGATTGCAAG,F
GAGACACCATCCCTCTCGTATAGTT,F
TATAACTGCAGGGCTTATCAGCGGC,F
TGACGCAACATGAAACTACTCAGAT,F
GTTCTCATCTCGGCCGTTTAGCCCA,F
GTGGTATAGGCACTTCACATAATAG,F
TGTGTCCTCGCCACGACTCAAGCTC,F
GCTGAGCGGTGCGCGAAAATCGGTA,F
ACAAACCCAACAGTAATTCAAGACG,F
GTGCGACGTTCGGTCGACAAGCACG,F
GAGCCTCCACGTCGGTGCGGCGAGC,F
